<annotation>
	<folder>train_data</folder>
	<filename>FEATURE1-1200x628.jpg</filename>
	<path>C:\Users\robzl\OneDrive\Desktop\software\fun\pushups\Tensorflow\data\train_data\FEATURE1-1200x628.jpg</path>
	<source>
		<database>Unknown</database>
	</source>
	<size>
		<width>1200</width>
		<height>628</height>
		<depth>3</depth>
	</size>
	<segmented>0</segmented>
	<object>
		<name>down</name>
		<pose>Unspecified</pose>
		<truncated>0</truncated>
		<difficult>0</difficult>
		<bndbox>
			<xmin>94</xmin>
			<ymin>214</ymin>
			<xmax>1048</xmax>
			<ymax>491</ymax>
		</bndbox>
	</object>
</annotation>
