<annotation>
	<folder>train_data</folder>
	<filename>gettyimages-1093088134.jpg</filename>
	<path>C:\Users\robzl\OneDrive\Desktop\software\fun\pushups\Tensorflow\data\train_data\gettyimages-1093088134.jpg</path>
	<source>
		<database>Unknown</database>
	</source>
	<size>
		<width>1200</width>
		<height>630</height>
		<depth>3</depth>
	</size>
	<segmented>0</segmented>
	<object>
		<name>up</name>
		<pose>Unspecified</pose>
		<truncated>0</truncated>
		<difficult>0</difficult>
		<bndbox>
			<xmin>38</xmin>
			<ymin>128</ymin>
			<xmax>1107</xmax>
			<ymax>627</ymax>
		</bndbox>
	</object>
</annotation>
