<annotation>
	<folder>train_data</folder>
	<filename>main-qimg-bec4a0215e8b0e9a943af1a1241204fe-lq.jpg</filename>
	<path>C:\Users\robzl\OneDrive\Desktop\software\fun\pushups\Tensorflow\data\train_data\main-qimg-bec4a0215e8b0e9a943af1a1241204fe-lq.jpg</path>
	<source>
		<database>Unknown</database>
	</source>
	<size>
		<width>540</width>
		<height>383</height>
		<depth>3</depth>
	</size>
	<segmented>0</segmented>
	<object>
		<name>up</name>
		<pose>Unspecified</pose>
		<truncated>0</truncated>
		<difficult>0</difficult>
		<bndbox>
			<xmin>39</xmin>
			<ymin>16</ymin>
			<xmax>484</xmax>
			<ymax>213</ymax>
		</bndbox>
	</object>
	<object>
		<name>down</name>
		<pose>Unspecified</pose>
		<truncated>0</truncated>
		<difficult>0</difficult>
		<bndbox>
			<xmin>33</xmin>
			<ymin>266</ymin>
			<xmax>512</xmax>
			<ymax>364</ymax>
		</bndbox>
	</object>
</annotation>
