<annotation>
	<folder>train_data</folder>
	<filename>main-qimg-dd9588df1da794dc829f5dc81b962693.jpg</filename>
	<path>C:\Users\robzl\OneDrive\Desktop\software\fun\pushups\Tensorflow\data\train_data\main-qimg-dd9588df1da794dc829f5dc81b962693.jpg</path>
	<source>
		<database>Unknown</database>
	</source>
	<size>
		<width>500</width>
		<height>400</height>
		<depth>3</depth>
	</size>
	<segmented>0</segmented>
	<object>
		<name>down</name>
		<pose>Unspecified</pose>
		<truncated>0</truncated>
		<difficult>0</difficult>
		<bndbox>
			<xmin>43</xmin>
			<ymin>64</ymin>
			<xmax>437</xmax>
			<ymax>179</ymax>
		</bndbox>
	</object>
	<object>
		<name>up</name>
		<pose>Unspecified</pose>
		<truncated>0</truncated>
		<difficult>0</difficult>
		<bndbox>
			<xmin>72</xmin>
			<ymin>216</ymin>
			<xmax>437</xmax>
			<ymax>391</ymax>
		</bndbox>
	</object>
</annotation>
