<annotation>
	<folder>train_data</folder>
	<filename>main-qimg-195f3d7e8f6592c0f8a58ccb8ebd0da5-lq.jpg</filename>
	<path>C:\Users\robzl\OneDrive\Desktop\software\fun\pushups\Tensorflow\data\train_data\main-qimg-195f3d7e8f6592c0f8a58ccb8ebd0da5-lq.jpg</path>
	<source>
		<database>Unknown</database>
	</source>
	<size>
		<width>602</width>
		<height>489</height>
		<depth>3</depth>
	</size>
	<segmented>0</segmented>
	<object>
		<name>down</name>
		<pose>Unspecified</pose>
		<truncated>0</truncated>
		<difficult>0</difficult>
		<bndbox>
			<xmin>87</xmin>
			<ymin>363</ymin>
			<xmax>530</xmax>
			<ymax>477</ymax>
		</bndbox>
	</object>
	<object>
		<name>up</name>
		<pose>Unspecified</pose>
		<truncated>0</truncated>
		<difficult>0</difficult>
		<bndbox>
			<xmin>120</xmin>
			<ymin>19</ymin>
			<xmax>543</xmax>
			<ymax>240</ymax>
		</bndbox>
	</object>
</annotation>
