<annotation>
	<folder>train_data</folder>
	<filename>maxresdefault.jpg</filename>
	<path>C:\Users\robzl\OneDrive\Desktop\software\fun\pushups\Tensorflow\data\train_data\maxresdefault.jpg</path>
	<source>
		<database>Unknown</database>
	</source>
	<size>
		<width>1280</width>
		<height>720</height>
		<depth>3</depth>
	</size>
	<segmented>0</segmented>
	<object>
		<name>up</name>
		<pose>Unspecified</pose>
		<truncated>0</truncated>
		<difficult>0</difficult>
		<bndbox>
			<xmin>158</xmin>
			<ymin>224</ymin>
			<xmax>1135</xmax>
			<ymax>647</ymax>
		</bndbox>
	</object>
</annotation>
