<annotation>
	<folder>train_data</folder>
	<filename>pushups.png</filename>
	<path>C:\Users\robzl\OneDrive\Desktop\software\fun\pushups\Tensorflow\data\train_data\pushups.png</path>
	<source>
		<database>Unknown</database>
	</source>
	<size>
		<width>799</width>
		<height>659</height>
		<depth>3</depth>
	</size>
	<segmented>0</segmented>
	<object>
		<name>up</name>
		<pose>Unspecified</pose>
		<truncated>0</truncated>
		<difficult>0</difficult>
		<bndbox>
			<xmin>114</xmin>
			<ymin>22</ymin>
			<xmax>748</xmax>
			<ymax>304</ymax>
		</bndbox>
	</object>
	<object>
		<name>down</name>
		<pose>Unspecified</pose>
		<truncated>0</truncated>
		<difficult>0</difficult>
		<bndbox>
			<xmin>105</xmin>
			<ymin>399</ymin>
			<xmax>753</xmax>
			<ymax>539</ymax>
		</bndbox>
	</object>
</annotation>
