<annotation>
	<folder>train_data</folder>
	<filename>The-Pushup-1280x720.jpg</filename>
	<path>C:\Users\robzl\OneDrive\Desktop\software\fun\pushups\Tensorflow\data\train_data\The-Pushup-1280x720.jpg</path>
	<source>
		<database>Unknown</database>
	</source>
	<size>
		<width>1280</width>
		<height>720</height>
		<depth>3</depth>
	</size>
	<segmented>0</segmented>
	<object>
		<name>down</name>
		<pose>Unspecified</pose>
		<truncated>0</truncated>
		<difficult>0</difficult>
		<bndbox>
			<xmin>75</xmin>
			<ymin>249</ymin>
			<xmax>1176</xmax>
			<ymax>583</ymax>
		</bndbox>
	</object>
</annotation>
