<annotation>
	<folder>train_data</folder>
	<filename>video-frame-5090.jpg</filename>
	<path>C:\Users\robzl\OneDrive\Desktop\software\fun\pushups\Tensorflow\data\train_data\video-frame-5090.jpg</path>
	<source>
		<database>Unknown</database>
	</source>
	<size>
		<width>1920</width>
		<height>1080</height>
		<depth>3</depth>
	</size>
	<segmented>0</segmented>
	<object>
		<name>up</name>
		<pose>Unspecified</pose>
		<truncated>0</truncated>
		<difficult>0</difficult>
		<bndbox>
			<xmin>232</xmin>
			<ymin>245</ymin>
			<xmax>1682</xmax>
			<ymax>890</ymax>
		</bndbox>
	</object>
</annotation>
